,page,field,events,date
0,/confirmdetails/index,title,57,2020-05-01
1,/personaldetails/index,first-name,33,2020-05-01
2,/personaldetails/index,address_1,26,2020-05-01
3,/personaldetails/index,address_town,26,2020-05-01
4,/personaldetails/index,address_country,23,2020-05-01
5,/personaldetails/index,email,22,2020-05-01
6,/personaldetails/index,address_postcode,19,2020-05-01
7,/personaldetails/index,card_name,19,2020-05-01
9,/personaldetails/index,surname,11,2020-05-01
10,/bankdetails/index,DirectDebitStartDay,9,2020-05-01
11,/bankdetails/index,DirectDebitStartMonth,9,2020-05-01
12,/bankdetails/index,DirectDebitStartYear,9,2020-05-01
13,/personaldetails/index,title,7,2020-05-01
18,/bankdetails/index,AccountHolderName,2,2020-05-01
19,/bankdetails/index,AccountNumber,2,2020-05-01
20,/bankdetails/index,BankSortCode,2,2020-05-01
22,/confirmdetails/index,title,30,2020-05-02
23,/personaldetails/index,first-name,27,2020-05-02
24,/personaldetails/index,address_1,22,2020-05-02
25,/personaldetails/index,address_town,22,2020-05-02
26,/personaldetails/index,card_name,21,2020-05-02
27,/personaldetails/index,email,20,2020-05-02
28,/personaldetails/index,title,13,2020-05-02
29,/personaldetails/index,address_postcode,11,2020-05-02
30,/personaldetails/index,address_country,10,2020-05-02
32,/personaldetails/index,surname,7,2020-05-02
33,/bankdetails/index,DirectDebitStartYear,5,2020-05-02
35,/bankdetails/index,AccountHolderName,4,2020-05-02
36,/bankdetails/index,DirectDebitStartDay,4,2020-05-02
37,/bankdetails/index,DirectDebitStartMonth,4,2020-05-02
38,/personaldetails/index,form-change-amount-input,3,2020-05-02
41,/bankdetails/index,AccountNumber,1,2020-05-02
42,/bankdetails/index,BankName,1,2020-05-02
43,/bankdetails/index,BankSortCode,1,2020-05-02
44,/personaldetails/index,MC_formDonationType,1,2020-05-02
45,/confirmdetails/index,title,20,2020-05-03
46,/personaldetails/index,first-name,16,2020-05-03
47,/personaldetails/index,address_1,15,2020-05-03
48,/personaldetails/index,address_town,15,2020-05-03
49,/personaldetails/index,card_name,14,2020-05-03
50,/personaldetails/index,address_country,13,2020-05-03
51,/personaldetails/index,email,9,2020-05-03
52,/personaldetails/index,title,9,2020-05-03
53,/bankdetails/index,DirectDebitStartDay,8,2020-05-03
54,/bankdetails/index,DirectDebitStartMonth,8,2020-05-03
55,/bankdetails/index,DirectDebitStartYear,8,2020-05-03
56,/personaldetails/index,address_postcode,8,2020-05-03
57,/bankdetails/index,AccountHolderName,5,2020-05-03
59,/personaldetails/index,surname,5,2020-05-03
61,/bankdetails/index,AccountNumber,3,2020-05-03
62,/personaldetails/index,form-change-amount-input,3,2020-05-03
63,/bankdetails/index,BankName,2,2020-05-03
64,/bankdetails/index,BankSortCode,2,2020-05-03
65,/confirmdetails/index,email,2,2020-05-03
69,/confirmdetails/index,title,33,2020-05-04
70,/personaldetails/index,address_1,13,2020-05-04
71,/personaldetails/index,address_town,12,2020-05-04
72,/personaldetails/index,card_name,12,2020-05-04
73,/personaldetails/index,first-name,12,2020-05-04
74,/personaldetails/index,email,11,2020-05-04
75,/personaldetails/index,surname,10,2020-05-04
76,/personaldetails/index,title,10,2020-05-04
78,/personaldetails/index,address_country,7,2020-05-04
79,/bankdetails/index,DirectDebitStartDay,6,2020-05-04
80,/bankdetails/index,DirectDebitStartMonth,6,2020-05-04
81,/bankdetails/index,DirectDebitStartYear,6,2020-05-04
82,/personaldetails/index,address_postcode,5,2020-05-04
84,/bankdetails/index,AccountHolderName,2,2020-05-04
85,/bankdetails/index,AccountNumber,2,2020-05-04
86,/bankdetails/index,BankName,1,2020-05-04
87,/confirmdetails/index,address_1,1,2020-05-04
89,/personaldetails/index,addresses,1,2020-05-04
90,/personaldetails/index,address_1,36,2020-05-05
91,/personaldetails/index,address_town,33,2020-05-05
92,/personaldetails/index,address_country,25,2020-05-05
93,/confirmdetails/index,title,24,2020-05-05
94,/personaldetails/index,email,20,2020-05-05
95,/personaldetails/index,first-name,19,2020-05-05
96,/personaldetails/index,address_postcode,18,2020-05-05
97,/personaldetails/index,title,17,2020-05-05
98,/personaldetails/index,card_name,14,2020-05-05
100,/bankdetails/index,DirectDebitStartYear,6,2020-05-05
101,/personaldetails/index,surname,6,2020-05-05
102,/bankdetails/index,DirectDebitStartMonth,5,2020-05-05
103,/bankdetails/index,AccountNumber,4,2020-05-05
104,/bankdetails/index,BankSortCode,4,2020-05-05
105,/bankdetails/index,DirectDebitStartDay,4,2020-05-05
107,/bankdetails/index,AccountHolderName,2,2020-05-05
108,/personaldetails/index,form-change-amount-input,2,2020-05-05
111,/bankdetails/index,BankName,1,2020-05-05
113,/confirmdetails/index,email,1,2020-05-05
114,/personaldetails/index,address_1,37,2020-05-06
115,/personaldetails/index,address_town,34,2020-05-06
116,/confirmdetails/index,title,31,2020-05-06
117,/personaldetails/index,address_country,27,2020-05-06
118,/personaldetails/index,first-name,22,2020-05-06
119,/personaldetails/index,card_name,18,2020-05-06
120,/personaldetails/index,address_postcode,16,2020-05-06
121,/personaldetails/index,title,12,2020-05-06
122,/personaldetails/index,email,11,2020-05-06
123,/bankdetails/index,DirectDebitStartMonth,9,2020-05-06
124,/bankdetails/index,DirectDebitStartDay,7,2020-05-06
125,/bankdetails/index,DirectDebitStartYear,7,2020-05-06
126,/personaldetails/index,surname,7,2020-05-06
128,/bankdetails/index,AccountHolderName,5,2020-05-06
132,/bankdetails/index,AccountNumber,1,2020-05-06
133,/bankdetails/index,BankName,1,2020-05-06
134,/bankdetails/index,BankSortCode,1,2020-05-06
135,/personaldetails/index,MC_formOrganisationName,1,2020-05-06
136,/personaldetails/index,address_town,29,2020-05-07
137,/personaldetails/index,first-name,28,2020-05-07
138,/personaldetails/index,address_1,27,2020-05-07
139,/personaldetails/index,email,27,2020-05-07
140,/personaldetails/index,address_country,24,2020-05-07
141,/confirmdetails/index,title,23,2020-05-07
142,/personaldetails/index,title,21,2020-05-07
143,/personaldetails/index,card_name,19,2020-05-07
144,/personaldetails/index,surname,12,2020-05-07
146,/personaldetails/index,address_postcode,10,2020-05-07
147,/bankdetails/index,AccountNumber,6,2020-05-07
148,/bankdetails/index,DirectDebitStartDay,6,2020-05-07
149,/bankdetails/index,DirectDebitStartMonth,6,2020-05-07
150,/bankdetails/index,DirectDebitStartYear,6,2020-05-07
154,/bankdetails/index,AccountHolderName,2,2020-05-07
155,/bankdetails/index,BankSortCode,2,2020-05-07
158,/bankdetails/index,BankName,1,2020-05-07
159,/personaldetails/index,addresses,1,2020-05-07
160,/personaldetails/index,address_1,34,2020-05-08
161,/personaldetails/index,address_town,31,2020-05-08
162,/confirmdetails/index,title,26,2020-05-08
163,/personaldetails/index,address_country,24,2020-05-08
164,/personaldetails/index,first-name,23,2020-05-08
165,/personaldetails/index,card_name,16,2020-05-08
166,/personaldetails/index,email,16,2020-05-08
167,/personaldetails/index,title,15,2020-05-08
168,/personaldetails/index,surname,11,2020-05-08
169,/personaldetails/index,address_postcode,10,2020-05-08
171,/bankdetails/index,DirectDebitStartYear,4,2020-05-08
172,/bankdetails/index,AccountNumber,3,2020-05-08
173,/bankdetails/index,DirectDebitStartDay,3,2020-05-08
174,/bankdetails/index,DirectDebitStartMonth,3,2020-05-08
176,/personaldetails/index,MC_formDonationType,2,2020-05-08
178,/bankdetails/index,AccountHolderName,1,2020-05-08
179,/bankdetails/index,BankName,1,2020-05-08
181,/confirmdetails/index,address_town,1,2020-05-08
182,/confirmdetails/index,email,1,2020-05-08
183,/confirmdetails/index,MC_formDonationType,1,2020-05-08
184,/confirmdetails/index,MC_formOrganisationName,1,2020-05-08
185,/personaldetails/index,form-change-amount-input,1,2020-05-08
186,/personaldetails/index,first-name,28,2020-05-09
187,/personaldetails/index,address_1,25,2020-05-09
188,/personaldetails/index,address_town,23,2020-05-09
189,/personaldetails/index,address_postcode,17,2020-05-09
190,/personaldetails/index,email,17,2020-05-09
191,/confirmdetails/index,title,16,2020-05-09
192,/personaldetails/index,address_country,14,2020-05-09
193,/personaldetails/index,title,14,2020-05-09
194,/personaldetails/index,surname,12,2020-05-09
195,/personaldetails/index,card_name,10,2020-05-09
196,/bankdetails/index,AccountHolderName,5,2020-05-09
197,/bankdetails/index,DirectDebitStartMonth,5,2020-05-09
198,/bankdetails/index,DirectDebitStartYear,5,2020-05-09
199,/bankdetails/index,DirectDebitStartDay,4,2020-05-09
202,/bankdetails/index,AccountNumber,3,2020-05-09
203,/bankdetails/index,BankSortCode,3,2020-05-09
204,/bankdetails/index,BankName,2,2020-05-09
205,/personaldetails/index,address_1,19,2020-05-10
206,/confirmdetails/index,title,16,2020-05-10
207,/personaldetails/index,address_town,15,2020-05-10
208,/personaldetails/index,first-name,15,2020-05-10
209,/personaldetails/index,address_country,13,2020-05-10
210,/personaldetails/index,card_name,11,2020-05-10
211,/personaldetails/index,email,11,2020-05-10
212,/personaldetails/index,address_postcode,9,2020-05-10
213,/personaldetails/index,surname,7,2020-05-10
214,/personaldetails/index,title,7,2020-05-10
218,/bankdetails/index,BankSortCode,2,2020-05-10
219,/bankdetails/index,DirectDebitStartDay,2,2020-05-10
220,/bankdetails/index,DirectDebitStartMonth,2,2020-05-10
221,/bankdetails/index,DirectDebitStartYear,2,2020-05-10
223,/bankdetails/index,AccountNumber,1,2020-05-10
224,/confirmdetails/index,address_1,1,2020-05-10
225,/personaldetails/index,form-change-amount-input,1,2020-05-10
226,/confirmdetails/index,title,24,2020-05-11
227,/personaldetails/index,address_1,22,2020-05-11
228,/personaldetails/index,address_town,22,2020-05-11
229,/personaldetails/index,first-name,22,2020-05-11
230,/personaldetails/index,title,21,2020-05-11
231,/personaldetails/index,email,18,2020-05-11
232,/personaldetails/index,address_country,16,2020-05-11
233,/personaldetails/index,card_name,13,2020-05-11
234,/personaldetails/index,address_postcode,9,2020-05-11
236,/personaldetails/index,surname,5,2020-05-11
237,/bankdetails/index,AccountHolderName,3,2020-05-11
238,/bankdetails/index,BankName,2,2020-05-11
239,/bankdetails/index,DirectDebitStartDay,2,2020-05-11
240,/bankdetails/index,DirectDebitStartMonth,2,2020-05-11
241,/bankdetails/index,DirectDebitStartYear,2,2020-05-11
242,/confirmdetails/index,address_1,2,2020-05-11
246,/confirmdetails/index,surname,1,2020-05-11
247,/confirmdetails/index,title,29,2020-05-12
248,/personaldetails/index,address_1,21,2020-05-12
249,/personaldetails/index,address_town,19,2020-05-12
250,/personaldetails/index,address_country,14,2020-05-12
251,/personaldetails/index,first-name,14,2020-05-12
252,/personaldetails/index,email,8,2020-05-12
253,/personaldetails/index,title,8,2020-05-12
255,/bankdetails/index,DirectDebitStartYear,7,2020-05-12
256,/personaldetails/index,card_name,7,2020-05-12
257,/personaldetails/index,surname,7,2020-05-12
258,/bankdetails/index,DirectDebitStartDay,6,2020-05-12
259,/bankdetails/index,DirectDebitStartMonth,6,2020-05-12
260,/bankdetails/index,AccountHolderName,5,2020-05-12
261,/bankdetails/index,AccountNumber,4,2020-05-12
262,/bankdetails/index,BankName,2,2020-05-12
263,/personaldetails/index,address_postcode,2,2020-05-12
265,/bankdetails/index,BankSortCode,1,2020-05-12
267,/personaldetails/index,form-change-amount-input,1,2020-05-12
268,/personaldetails/index,address_town,28,2020-05-13
269,/personaldetails/index,address_1,27,2020-05-13
270,/confirmdetails/index,title,22,2020-05-13
271,/personaldetails/index,card_name,22,2020-05-13
272,/personaldetails/index,address_country,21,2020-05-13
273,/personaldetails/index,first-name,17,2020-05-13
274,/personaldetails/index,email,16,2020-05-13
275,/personaldetails/index,address_postcode,15,2020-05-13
277,/personaldetails/index,title,10,2020-05-13
278,/personaldetails/index,surname,8,2020-05-13
280,/bankdetails/index,DirectDebitStartDay,4,2020-05-13
281,/bankdetails/index,DirectDebitStartYear,4,2020-05-13
282,/bankdetails/index,DirectDebitStartMonth,2,2020-05-13
284,/personaldetails/index,MC_formDonationType,2,2020-05-13
289,/bankdetails/index,AccountHolderName,1,2020-05-13
290,/bankdetails/index,AccountNumber,1,2020-05-13
291,/bankdetails/index,BankSortCode,1,2020-05-13
292,/personaldetails/index,form-change-amount-input,1,2020-05-13
293,/confirmdetails/index,title,21,2020-05-14
294,/personaldetails/index,first-name,21,2020-05-14
295,/personaldetails/index,email,17,2020-05-14
296,/personaldetails/index,address_town,16,2020-05-14
297,/personaldetails/index,card_name,16,2020-05-14
298,/personaldetails/index,address_1,15,2020-05-14
300,/personaldetails/index,address_country,11,2020-05-14
301,/personaldetails/index,address_postcode,11,2020-05-14
302,/personaldetails/index,surname,7,2020-05-14
303,/bankdetails/index,AccountHolderName,5,2020-05-14
304,/bankdetails/index,DirectDebitStartDay,5,2020-05-14
305,/bankdetails/index,DirectDebitStartMonth,5,2020-05-14
306,/bankdetails/index,DirectDebitStartYear,5,2020-05-14
308,/personaldetails/index,title,5,2020-05-14
309,/bankdetails/index,AccountNumber,4,2020-05-14
311,/bankdetails/index,BankName,2,2020-05-14
312,/bankdetails/index,BankSortCode,2,2020-05-14
313,/personaldetails/index,MC_formDonationType,1,2020-05-14
314,/confirmdetails/index,title,52,2020-05-15
315,/personaldetails/index,address_1,22,2020-05-15
316,/personaldetails/index,address_town,20,2020-05-15
317,/personaldetails/index,card_name,19,2020-05-15
318,/personaldetails/index,first-name,17,2020-05-15
319,/personaldetails/index,email,14,2020-05-15
320,/personaldetails/index,address_postcode,12,2020-05-15
321,/personaldetails/index,address_country,10,2020-05-15
322,/personaldetails/index,title,10,2020-05-15
326,/personaldetails/index,surname,6,2020-05-15
327,/bankdetails/index,AccountHolderName,5,2020-05-15
328,/bankdetails/index,DirectDebitStartDay,5,2020-05-15
329,/bankdetails/index,DirectDebitStartMonth,5,2020-05-15
330,/bankdetails/index,DirectDebitStartYear,5,2020-05-15
331,/bankdetails/index,BankName,4,2020-05-15
332,/bankdetails/index,AccountNumber,3,2020-05-15
335,/bankdetails/index,BankSortCode,1,2020-05-15
336,/confirmdetails/index,address_1,1,2020-05-15
337,/confirmdetails/index,first-name,1,2020-05-15
338,/personaldetails/index,MC_formDonationType,1,2020-05-15
339,/confirmdetails/index,title,28,2020-05-16
340,/personaldetails/index,address_1,20,2020-05-16
341,/personaldetails/index,address_town,19,2020-05-16
342,/personaldetails/index,address_country,14,2020-05-16
343,/personaldetails/index,address_postcode,13,2020-05-16
344,/personaldetails/index,card_name,13,2020-05-16
345,/personaldetails/index,first-name,12,2020-05-16
346,/bankdetails/index,DirectDebitStartYear,10,2020-05-16
347,/personaldetails/index,email,10,2020-05-16
348,/bankdetails/index,DirectDebitStartDay,9,2020-05-16
349,/bankdetails/index,DirectDebitStartMonth,9,2020-05-16
350,/bankdetails/index,AccountNumber,8,2020-05-16
351,/personaldetails/index,surname,7,2020-05-16
352,/bankdetails/index,BankSortCode,6,2020-05-16
353,/personaldetails/index,title,6,2020-05-16
355,/bankdetails/index,AccountHolderName,4,2020-05-16
360,/bankdetails/index,BankName,1,2020-05-16
361,/personaldetails/index,form-change-amount-input,1,2020-05-16
362,/personaldetails/index,MC_formDonationType,1,2020-05-16
363,/personaldetails/index,address_1,23,2020-05-17
364,/personaldetails/index,address_town,20,2020-05-17
365,/confirmdetails/index,title,17,2020-05-17
366,/personaldetails/index,first-name,15,2020-05-17
367,/personaldetails/index,address_country,9,2020-05-17
368,/personaldetails/index,card_name,8,2020-05-17
369,/personaldetails/index,email,7,2020-05-17
370,/personaldetails/index,surname,7,2020-05-17
371,/bankdetails/index,DirectDebitStartDay,5,2020-05-17
372,/bankdetails/index,DirectDebitStartMonth,5,2020-05-17
373,/bankdetails/index,DirectDebitStartYear,5,2020-05-17
375,/personaldetails/index,address_postcode,5,2020-05-17
376,/personaldetails/index,title,5,2020-05-17
380,/bankdetails/index,AccountHolderName,2,2020-05-17
381,/bankdetails/index,AccountNumber,2,2020-05-17
384,/bankdetails/index,BankSortCode,1,2020-05-17
385,/confirmdetails/index,email,1,2020-05-17
386,/personaldetails/index,MC_formOrganisationName,1,2020-05-17
387,/confirmdetails/index,title,36,2020-05-18
388,/personaldetails/index,first-name,20,2020-05-18
389,/personaldetails/index,card_name,13,2020-05-18
390,/personaldetails/index,email,12,2020-05-18
391,/personaldetails/index,address_1,10,2020-05-18
392,/personaldetails/index,address_postcode,10,2020-05-18
393,/personaldetails/index,address_town,10,2020-05-18
394,/personaldetails/index,title,9,2020-05-18
396,/personaldetails/index,surname,6,2020-05-18
397,/personaldetails/index,address_country,5,2020-05-18
398,/bankdetails/index,DirectDebitStartDay,3,2020-05-18
399,/bankdetails/index,DirectDebitStartMonth,3,2020-05-18
400,/bankdetails/index,DirectDebitStartYear,3,2020-05-18
402,/bankdetails/index,AccountHolderName,1,2020-05-18
404,/confirmdetails/index,address_postcode,1,2020-05-18
405,/confirmdetails/index,email,1,2020-05-18
406,/personaldetails/index,addresses,1,2020-05-18
407,/personaldetails/index,form-change-amount-input,1,2020-05-18
408,/personaldetails/index,address_1,21,2020-05-19
409,/personaldetails/index,address_town,21,2020-05-19
410,/confirmdetails/index,title,18,2020-05-19
411,/personaldetails/index,title,11,2020-05-19
412,/personaldetails/index,first-name,10,2020-05-19
413,/personaldetails/index,address_country,9,2020-05-19
414,/personaldetails/index,card_name,6,2020-05-19
416,/bankdetails/index,AccountHolderName,5,2020-05-19
417,/bankdetails/index,DirectDebitStartDay,5,2020-05-19
418,/bankdetails/index,DirectDebitStartMonth,5,2020-05-19
419,/bankdetails/index,DirectDebitStartYear,5,2020-05-19
420,/personaldetails/index,address_postcode,5,2020-05-19
421,/personaldetails/index,email,5,2020-05-19
424,/personaldetails/index,surname,4,2020-05-19
426,/bankdetails/index,AccountNumber,1,2020-05-19
427,/bankdetails/index,BankSortCode,1,2020-05-19
429,/confirmdetails/index,address_1,1,2020-05-19
430,/confirmdetails/index,address_town,1,2020-05-19
431,/confirmdetails/index,first-name,1,2020-05-19
432,/personaldetails/index,form-change-amount-input,1,2020-05-19
433,/personaldetails/index,first-name,28,2020-05-20
434,/confirmdetails/index,title,23,2020-05-20
435,/personaldetails/index,address_postcode,15,2020-05-20
436,/personaldetails/index,card_name,15,2020-05-20
437,/personaldetails/index,email,15,2020-05-20
438,/personaldetails/index,surname,14,2020-05-20
439,/personaldetails/index,address_1,13,2020-05-20
440,/personaldetails/index,address_town,13,2020-05-20
441,/personaldetails/index,title,13,2020-05-20
442,/personaldetails/index,address_country,12,2020-05-20
446,/personaldetails/index,form-change-amount-input,5,2020-05-20
447,/bankdetails/index,DirectDebitStartDay,4,2020-05-20
448,/bankdetails/index,DirectDebitStartMonth,4,2020-05-20
449,/bankdetails/index,DirectDebitStartYear,4,2020-05-20
450,/bankdetails/index,AccountHolderName,2,2020-05-20
452,/bankdetails/index,AccountNumber,1,2020-05-20
453,/confirmdetails/index,first-name,1,2020-05-20
454,/confirmdetails/index,title,27,2020-05-21
455,/personaldetails/index,address_1,19,2020-05-21
456,/personaldetails/index,address_town,17,2020-05-21
457,/personaldetails/index,address_country,11,2020-05-21
458,/personaldetails/index,email,8,2020-05-21
460,/personaldetails/index,title,7,2020-05-21
462,/personaldetails/index,first-name,5,2020-05-21
463,/personaldetails/index,surname,5,2020-05-21
464,/bankdetails/index,DirectDebitStartDay,4,2020-05-21
465,/bankdetails/index,DirectDebitStartMonth,4,2020-05-21
466,/bankdetails/index,DirectDebitStartYear,4,2020-05-21
467,/personaldetails/index,address_postcode,4,2020-05-21
468,/personaldetails/index,card_name,3,2020-05-21
470,/bankdetails/index,AccountHolderName,1,2020-05-21
471,/bankdetails/index,BankName,1,2020-05-21
472,/confirmdetails/index,address_1,1,2020-05-21
474,/personaldetails/index,delivery-address_1,1,2020-05-21
475,/personaldetails/index,delivery-address_country,1,2020-05-21
476,/personaldetails/index,delivery-address_postcode,1,2020-05-21
477,/personaldetails/index,delivery-address_town,1,2020-05-21
478,/personaldetails/index,form-change-amount-input,1,2020-05-21
479,/confirmdetails/index,title,24,2020-05-22
480,/personaldetails/index,first-name,20,2020-05-22
481,/personaldetails/index,address_town,19,2020-05-22
482,/personaldetails/index,address_1,18,2020-05-22
483,/personaldetails/index,email,17,2020-05-22
484,/personaldetails/index,card_name,15,2020-05-22
485,/personaldetails/index,title,15,2020-05-22
486,/personaldetails/index,address_country,14,2020-05-22
487,/personaldetails/index,address_postcode,12,2020-05-22
490,/bankdetails/index,DirectDebitStartDay,5,2020-05-22
491,/bankdetails/index,DirectDebitStartMonth,5,2020-05-22
492,/bankdetails/index,DirectDebitStartYear,5,2020-05-22
493,/personaldetails/index,surname,5,2020-05-22
494,/bankdetails/index,AccountHolderName,3,2020-05-22
497,/bankdetails/index,AccountNumber,2,2020-05-22
498,/personaldetails/index,MC_formDonationType,1,2020-05-22
499,/personaldetails/index,MC_formOrganisationName,1,2020-05-22
500,/confirmdetails/index,title,29,2020-05-23
501,/personaldetails/index,address_town,13,2020-05-23
502,/personaldetails/index,address_1,11,2020-05-23
503,/personaldetails/index,first-name,9,2020-05-23
504,/bankdetails/index,DirectDebitStartDay,8,2020-05-23
505,/bankdetails/index,DirectDebitStartYear,8,2020-05-23
506,/personaldetails/index,address_country,8,2020-05-23
507,/bankdetails/index,DirectDebitStartMonth,7,2020-05-23
509,/personaldetails/index,address_postcode,7,2020-05-23
510,/personaldetails/index,card_name,7,2020-05-23
511,/personaldetails/index,surname,7,2020-05-23
512,/personaldetails/index,title,7,2020-05-23
513,/bankdetails/index,AccountHolderName,6,2020-05-23
514,/personaldetails/index,email,6,2020-05-23
517,/bankdetails/index,AccountNumber,2,2020-05-23
519,/bankdetails/index,BankName,1,2020-05-23
520,/bankdetails/index,BankSortCode,1,2020-05-23
521,/confirmdetails/index,surname,1,2020-05-23
522,/personaldetails/index,form-change-amount-input,1,2020-05-23
523,/confirmdetails/index,title,18,2020-05-24
524,/personaldetails/index,address_1,10,2020-05-24
525,/personaldetails/index,address_town,10,2020-05-24
526,/personaldetails/index,address_country,9,2020-05-24
527,/bankdetails/index,DirectDebitStartDay,8,2020-05-24
528,/bankdetails/index,DirectDebitStartMonth,8,2020-05-24
529,/bankdetails/index,DirectDebitStartYear,8,2020-05-24
530,/personaldetails/index,first-name,7,2020-05-24
531,/personaldetails/index,address_postcode,6,2020-05-24
532,/personaldetails/index,surname,6,2020-05-24
533,/personaldetails/index,card_name,5,2020-05-24
534,/personaldetails/index,email,4,2020-05-24
536,/bankdetails/index,AccountHolderName,3,2020-05-24
537,/bankdetails/index,AccountNumber,3,2020-05-24
540,/personaldetails/index,title,2,2020-05-24
543,/bankdetails/index,BankSortCode,1,2020-05-24
544,/confirmdetails/index,address_1,1,2020-05-24
545,/personaldetails/index,form-change-amount-input,1,2020-05-24
546,/confirmdetails/index,title,25,2020-05-25
547,/personaldetails/index,first-name,10,2020-05-25
548,/personaldetails/index,email,9,2020-05-25
549,/personaldetails/index,address_1,8,2020-05-25
550,/personaldetails/index,title,8,2020-05-25
551,/personaldetails/index,address_town,7,2020-05-25
552,/personaldetails/index,surname,7,2020-05-25
553,/personaldetails/index,address_country,6,2020-05-25
554,/personaldetails/index,address_postcode,6,2020-05-25
557,/personaldetails/index,card_name,3,2020-05-25
558,/bankdetails/index,DirectDebitStartDay,2,2020-05-25
559,/bankdetails/index,DirectDebitStartMonth,2,2020-05-25
560,/bankdetails/index,DirectDebitStartYear,2,2020-05-25
562,/personaldetails/index,form-change-amount-input,2,2020-05-25
563,/bankdetails/index,AccountHolderName,1,2020-05-25
564,/confirmdetails/index,title,16,2020-05-26
565,/personaldetails/index,address_1,14,2020-05-26
566,/personaldetails/index,address_town,14,2020-05-26
567,/personaldetails/index,card_name,11,2020-05-26
568,/personaldetails/index,email,8,2020-05-26
569,/personaldetails/index,first-name,8,2020-05-26
570,/personaldetails/index,address_country,7,2020-05-26
571,/personaldetails/index,address_postcode,6,2020-05-26
572,/personaldetails/index,title,6,2020-05-26
574,/bankdetails/index,DirectDebitStartMonth,2,2020-05-26
575,/bankdetails/index,DirectDebitStartYear,2,2020-05-26
576,/personaldetails/index,surname,2,2020-05-26
581,/bankdetails/index,DirectDebitStartDay,1,2020-05-26
583,/personaldetails/index,address_3,1,2020-05-26
584,/confirmdetails/index,title,13,2020-05-27
585,/personaldetails/index,address_1,8,2020-05-27
586,/personaldetails/index,address_town,8,2020-05-27
587,/personaldetails/index,first-name,8,2020-05-27
589,/personaldetails/index,address_country,7,2020-05-27
590,/personaldetails/index,card_name,7,2020-05-27
591,/personaldetails/index,address_postcode,4,2020-05-27
592,/personaldetails/index,email,4,2020-05-27
593,/personaldetails/index,title,4,2020-05-27
594,/personaldetails/index,form-change-amount-input,3,2020-05-27
596,/bankdetails/index,AccountHolderName,1,2020-05-27
597,/bankdetails/index,DirectDebitStartDay,1,2020-05-27
598,/bankdetails/index,DirectDebitStartMonth,1,2020-05-27
599,/bankdetails/index,DirectDebitStartYear,1,2020-05-27
601,/personaldetails/index,surname,1,2020-05-27
602,/confirmdetails/index,title,19,2020-05-28
603,/personaldetails/index,address_1,9,2020-05-28
604,/personaldetails/index,address_town,9,2020-05-28
605,/personaldetails/index,first-name,9,2020-05-28
606,/personaldetails/index,address_country,7,2020-05-28
607,/personaldetails/index,title,7,2020-05-28
608,/personaldetails/index,card_name,6,2020-05-28
609,/personaldetails/index,surname,6,2020-05-28
610,/personaldetails/index,address_postcode,5,2020-05-28
611,/personaldetails/index,email,5,2020-05-28
612,/bankdetails/index,DirectDebitStartDay,2,2020-05-28
613,/bankdetails/index,DirectDebitStartMonth,2,2020-05-28
614,/bankdetails/index,DirectDebitStartYear,2,2020-05-28
618,/bankdetails/index,AccountHolderName,1,2020-05-28
619,/bankdetails/index,AccountNumber,1,2020-05-28
620,/confirmdetails/index,title,14,2020-05-29
621,/personaldetails/index,first-name,11,2020-05-29
622,/personaldetails/index,address_town,7,2020-05-29
623,/personaldetails/index,address_1,6,2020-05-29
624,/personaldetails/index,surname,6,2020-05-29
625,/personaldetails/index,card_name,5,2020-05-29
626,/personaldetails/index,address_postcode,4,2020-05-29
628,/personaldetails/index,address_country,3,2020-05-29
629,/personaldetails/index,email,3,2020-05-29
630,/bankdetails/index,DirectDebitStartDay,2,2020-05-29
631,/bankdetails/index,DirectDebitStartMonth,2,2020-05-29
632,/bankdetails/index,DirectDebitStartYear,2,2020-05-29
633,/personaldetails/index,title,2,2020-05-29
636,/bankdetails/index,AccountHolderName,1,2020-05-29
637,/bankdetails/index,BankSortCode,1,2020-05-29
639,/confirmdetails/index,title,22,2020-05-30
640,/personaldetails/index,first-name,12,2020-05-30
641,/personaldetails/index,card_name,10,2020-05-30
642,/personaldetails/index,address_1,9,2020-05-30
643,/personaldetails/index,address_town,9,2020-05-30
644,/bankdetails/index,DirectDebitStartDay,8,2020-05-30
645,/bankdetails/index,DirectDebitStartMonth,8,2020-05-30
646,/bankdetails/index,DirectDebitStartYear,8,2020-05-30
647,/bankdetails/index,AccountHolderName,5,2020-05-30
648,/personaldetails/index,email,5,2020-05-30
649,/personaldetails/index,address_country,4,2020-05-30
650,/personaldetails/index,title,4,2020-05-30
653,/personaldetails/index,address_postcode,2,2020-05-30
654,/personaldetails/index,surname,2,2020-05-30
657,/bankdetails/index,BankName,1,2020-05-30
659,/personaldetails/index,address_1,14,2020-05-31
660,/personaldetails/index,address_town,13,2020-05-31
661,/confirmdetails/index,title,11,2020-05-31
662,/personaldetails/index,address_country,10,2020-05-31
663,/personaldetails/index,first-name,10,2020-05-31
664,/personaldetails/index,card_name,8,2020-05-31
665,/personaldetails/index,email,8,2020-05-31
667,/bankdetails/index,DirectDebitStartMonth,5,2020-05-31
668,/bankdetails/index,DirectDebitStartYear,5,2020-05-31
669,/personaldetails/index,address_postcode,5,2020-05-31
670,/bankdetails/index,DirectDebitStartDay,4,2020-05-31
672,/bankdetails/index,AccountHolderName,3,2020-05-31
673,/personaldetails/index,surname,2,2020-05-31
674,/personaldetails/index,title,2,2020-05-31
675,/bankdetails/index,AccountNumber,1,2020-05-31
676,/confirmdetails/index,address_1,1,2020-05-31
